Назва,місто/район
Одеська область,місто
м.Одеса,місто
м.Балта,місто
м.БілгородДністровський,місто
м.Біляївка,місто
м.Ізмаїл,місто
Ананьївський,район
Арцизький,район
Балтський,район
БілгородДністровський,район
Біляївський,район
Березівський,район
Болградський,район
Великомихайлівський,район
Іванівський,район
Ізмаїльський,район
Кілійський,район
Кодимський,район
Лиманський,район
Подільський,район
Окнянський,район
Любашівський,район
Миколаївський,район
Овідіопольський,район
Роздільнянський,район
Ренійський,район
Савранський,район
Саратський,район
Тарутинський,район
Татарбунарський,район
Захарівський,район
Ширяївський,район
